{
  "niah_single_1": {
    "steps": 12,
    "post": {
      "niah_single_1": {
        "dce": -0.00654,
        "dacc": 0.0,
        "ce": 6.98359257741051e-07,
        "acc": 1.0
      },
      "niah_multikey_1": {
        "dce": -0.00673,
        "dacc": 0.0,
        "ce": 1.2914337954583744e-08,
        "acc": 1.0
      },
      "vt": {
        "dce": -0.00962,
        "dacc": 0.0,
        "ce": 0.3114524329702059,
        "acc": 1.0
      },
      "cwe": {
        "dce": -0.04189,
        "dacc": 0.0333,
        "ce": 3.5196154673894244,
        "acc": 0.8333333333333334
      },
      "qa_1": {
        "dce": 0.0542,
        "dacc": 0.0,
        "ce": 4.540677011013031,
        "acc": 0.9
      }
    },
    "minutes": 3.8
  },
  "niah_multikey_1": {
    "steps": 12,
    "post": {
      "niah_single_1": {
        "dce": -0.00654,
        "dacc": 0.0,
        "ce": 1.549715364331424e-07,
        "acc": 1.0
      },
      "niah_multikey_1": {
        "dce": -0.00673,
        "dacc": 0.0,
        "ce": 4.967053435223079e-10,
        "acc": 1.0
      },
      "vt": {
        "dce": 0.04171,
        "dacc": 0.0,
        "ce": 0.3627760032812754,
        "acc": 1.0
      },
      "cwe": {
        "dce": 0.06521,
        "dacc": 0.0333,
        "ce": 3.626712171236674,
        "acc": 0.8333333333333334
      },
      "qa_1": {
        "dce": 0.06762,
        "dacc": 0.0,
        "ce": 4.554099563757578,
        "acc": 0.9
      }
    },
    "minutes": 3.5
  },
  "vt": {
    "steps": 12,
    "post": {
      "niah_single_1": {
        "dce": 0.00699,
        "dacc": 0.0,
        "ce": 0.013528329964416722,
        "acc": 1.0
      },
      "niah_multikey_1": {
        "dce": 0.00576,
        "dacc": 0.0,
        "ce": 0.01248864394146949,
        "acc": 1.0
      },
      "vt": {
        "dce": -0.32077,
        "dacc": 0.0,
        "ce": 0.0003011007636814611,
        "acc": 1.0
      },
      "cwe": {
        "dce": -0.08049,
        "dacc": -0.1333,
        "ce": 3.4810186942418415,
        "acc": 0.6666666666666666
      },
      "qa_1": {
        "dce": -0.20655,
        "dacc": 0.0333,
        "ce": 4.279930826028188,
        "acc": 0.9333333333333333
      }
    },
    "minutes": 4.4
  },
  "cwe": {
    "steps": 12,
    "post": {
      "niah_single_1": {
        "dce": 0.00429,
        "dacc": 0.0,
        "ce": 0.010823356616310776,
        "acc": 1.0
      },
      "niah_multikey_1": {
        "dce": -0.00139,
        "dacc": 0.0,
        "ce": 0.005339734555066874,
        "acc": 1.0
      },
      "vt": {
        "dce": -0.05788,
        "dacc": 0.0,
        "ce": 0.2631928130984306,
        "acc": 1.0
      },
      "cwe": {
        "dce": -2.45432,
        "dacc": -0.0667,
        "ce": 1.1071862359841664,
        "acc": 0.7333333333333333
      },
      "qa_1": {
        "dce": -0.42619,
        "dacc": 0.0,
        "ce": 4.060292108853658,
        "acc": 0.9
      }
    },
    "minutes": 4.2
  },
  "qa_1": {
    "steps": 12,
    "post": {
      "niah_single_1": {
        "dce": 0.04486,
        "dacc": 0.0,
        "ce": 0.05139597747474909,
        "acc": 1.0
      },
      "niah_multikey_1": {
        "dce": 0.04229,
        "dacc": 0.0,
        "ce": 0.049028193469469745,
        "acc": 1.0
      },
      "vt": {
        "dce": 0.0587,
        "dacc": 0.0,
        "ce": 0.37977387458086015,
        "acc": 1.0
      },
      "cwe": {
        "dce": -0.48109,
        "dacc": -0.0333,
        "ce": 3.080418101946513,
        "acc": 0.7666666666666667
      },
      "qa_1": {
        "dce": -4.15036,
        "dacc": 0.0667,
        "ce": 0.3361198330918948,
        "acc": 0.9666666666666667
      }
    },
    "minutes": 3.7
  }
}