{
  "niah_single_1": {
    "steps": 96,
    "post": {
      "niah_single_1": {
        "dce": -0.00654,
        "dacc": 0.0,
        "ce": 0.0,
        "acc": 1.0
      },
      "niah_multikey_1": {
        "dce": -0.00673,
        "dacc": 0.0,
        "ce": 0.0,
        "acc": 1.0
      },
      "vt": {
        "dce": 0.01528,
        "dacc": 0.0,
        "ce": 0.33634666552146275,
        "acc": 1.0
      },
      "cwe": {
        "dce": 0.15247,
        "dacc": -0.0333,
        "ce": 3.7139747301737467,
        "acc": 0.7666666666666667
      },
      "qa_1": {
        "dce": 0.14293,
        "dacc": 0.0,
        "ce": 4.62941046555837,
        "acc": 0.9
      }
    },
    "trainer": "lora",
    "lr": 0.0002,
    "minutes": 11.8
  },
  "niah_multikey_1": {
    "steps": 96,
    "post": {
      "niah_single_1": {
        "dce": -0.00654,
        "dacc": 0.0,
        "ce": 1.9868213148773367e-09,
        "acc": 1.0
      },
      "niah_multikey_1": {
        "dce": -0.00673,
        "dacc": 0.0,
        "ce": 0.0,
        "acc": 1.0
      },
      "vt": {
        "dce": 0.0384,
        "dacc": 0.0,
        "ce": 0.35947300791740416,
        "acc": 1.0
      },
      "cwe": {
        "dce": 0.20298,
        "dacc": -0.0333,
        "ce": 3.7644888003667196,
        "acc": 0.7666666666666667
      },
      "qa_1": {
        "dce": 0.13879,
        "dacc": 0.0,
        "ce": 4.625265085697174,
        "acc": 0.9
      }
    },
    "trainer": "lora",
    "lr": 0.0002,
    "minutes": 10.1
  },
  "vt": {
    "steps": 96,
    "post": {
      "niah_single_1": {
        "dce": 0.01622,
        "dacc": 0.0,
        "ce": 0.022754727529051402,
        "acc": 1.0
      },
      "niah_multikey_1": {
        "dce": 0.00452,
        "dacc": 0.0,
        "ce": 0.011253069395509858,
        "acc": 1.0
      },
      "vt": {
        "dce": -0.32103,
        "dacc": 0.0,
        "ce": 4.352598457444401e-05,
        "acc": 1.0
      },
      "cwe": {
        "dce": 0.09552,
        "dacc": -0.8,
        "ce": 3.6570258855819704,
        "acc": 0.0
      },
      "qa_1": {
        "dce": -0.33691,
        "dacc": -0.0333,
        "ce": 4.149571943283081,
        "acc": 0.8666666666666667
      }
    },
    "trainer": "lora",
    "lr": 0.0002,
    "minutes": 13.3
  },
  "cwe": {
    "steps": 96,
    "post": {
      "niah_single_1": {
        "dce": 0.00453,
        "dacc": 0.0,
        "ce": 0.01106948071780304,
        "acc": 1.0
      },
      "niah_multikey_1": {
        "dce": -0.00257,
        "dacc": 0.0,
        "ce": 0.004160069338589286,
        "acc": 1.0
      },
      "vt": {
        "dce": -0.13295,
        "dacc": 0.0,
        "ce": 0.1881174000600974,
        "acc": 1.0
      },
      "cwe": {
        "dce": -1.44861,
        "dacc": 0.1667,
        "ce": 2.1128947059313457,
        "acc": 0.9666666666666667
      },
      "qa_1": {
        "dce": -1.1026,
        "dacc": -0.0333,
        "ce": 3.3838790953159332,
        "acc": 0.8666666666666667
      }
    },
    "trainer": "lora",
    "lr": 0.0002,
    "minutes": 12.7
  },
  "qa_1": {
    "steps": 96,
    "post": {
      "niah_single_1": {
        "dce": 0.10595,
        "dacc": 0.0,
        "ce": 0.11248353769381841,
        "acc": 1.0
      },
      "niah_multikey_1": {
        "dce": 0.00856,
        "dacc": 0.0,
        "ce": 0.015288934592778485,
        "acc": 1.0
      },
      "vt": {
        "dce": -0.06214,
        "dacc": 0.0,
        "ce": 0.2589337741335233,
        "acc": 1.0
      },
      "cwe": {
        "dce": -1.52055,
        "dacc": -0.4,
        "ce": 2.040959616502126,
        "acc": 0.4
      },
      "qa_1": {
        "dce": -4.36328,
        "dacc": 0.1,
        "ce": 0.123198753898032,
        "acc": 1.0
      }
    },
    "trainer": "lora",
    "lr": 0.0002,
    "minutes": 9.4
  }
}