{
  "niah_single_1": {
    "ce": 0.00653802680123287,
    "acc": 1.0
  },
  "niah_multikey_1": {
    "ce": 0.006733253670002644,
    "acc": 1.0
  },
  "vt": {
    "ce": 0.3210698907574018,
    "acc": 1.0
  },
  "cwe": {
    "ce": 3.5615063031514484,
    "acc": 0.8
  },
  "qa_1": {
    "ce": 4.486480025450389,
    "acc": 0.9
  }
}