{
  "niah_single_1": {
    "steps": 12,
    "post": {
      "niah_single_1": {
        "dce": -0.24601,
        "dacc": 0.0,
        "ce": 9.409230803688237e-06,
        "acc": 1.0
      },
      "niah_multikey_1": {
        "dce": -0.16374,
        "dacc": 0.0,
        "ce": 0.00034201525139299825,
        "acc": 1.0
      },
      "vt": {
        "dce": -0.07152,
        "dacc": 0.0,
        "ce": 0.269052654504776,
        "acc": 1.0
      },
      "cwe": {
        "dce": 0.0415,
        "dacc": 0.1333,
        "ce": 1.9784958561261494,
        "acc": 0.9666666666666667
      },
      "qa_1": {
        "dce": -0.0252,
        "dacc": -0.0333,
        "ce": 2.1231850147247315,
        "acc": 0.9
      }
    },
    "trainer": "subset",
    "lr": 2e-05,
    "minutes": 3.8
  },
  "niah_multikey_1": {
    "steps": 12,
    "post": {
      "niah_single_1": {
        "dce": -0.24569,
        "dacc": 0.0,
        "ce": 0.00033096095991519783,
        "acc": 1.0
      },
      "niah_multikey_1": {
        "dce": -0.16407,
        "dacc": 0.0,
        "ce": 1.1063414729998537e-05,
        "acc": 1.0
      },
      "vt": {
        "dce": -0.01632,
        "dacc": 0.0,
        "ce": 0.32425251851479214,
        "acc": 1.0
      },
      "cwe": {
        "dce": 0.02483,
        "dacc": 0.1333,
        "ce": 1.9618247866630554,
        "acc": 0.9666666666666667
      },
      "qa_1": {
        "dce": -0.02,
        "dacc": -0.0333,
        "ce": 2.128381105264028,
        "acc": 0.9
      }
    },
    "trainer": "subset",
    "lr": 2e-05,
    "minutes": 3.4
  },
  "vt": {
    "steps": 12,
    "post": {
      "niah_single_1": {
        "dce": -0.0834,
        "dacc": 0.0,
        "ce": 0.1626233624915282,
        "acc": 1.0
      },
      "niah_multikey_1": {
        "dce": -0.04317,
        "dacc": 0.0,
        "ce": 0.1209102767209212,
        "acc": 1.0
      },
      "vt": {
        "dce": -0.33847,
        "dacc": 0.0,
        "ce": 0.0020953164884607153,
        "acc": 1.0
      },
      "cwe": {
        "dce": 0.09309,
        "dacc": -0.8333,
        "ce": 2.0300808827082317,
        "acc": 0.0
      },
      "qa_1": {
        "dce": 0.07854,
        "dacc": 0.0,
        "ce": 2.2269232789675395,
        "acc": 0.9333333333333333
      }
    },
    "trainer": "subset",
    "lr": 2e-05,
    "minutes": 4.5
  },
  "cwe": {
    "steps": 12,
    "post": {
      "niah_single_1": {
        "dce": -0.05411,
        "dacc": 0.0,
        "ce": 0.1919113258520762,
        "acc": 1.0
      },
      "niah_multikey_1": {
        "dce": -0.06537,
        "dacc": 0.0,
        "ce": 0.0987177312374115,
        "acc": 1.0
      },
      "vt": {
        "dce": 0.03469,
        "dacc": 0.0,
        "ce": 0.3752595752477646,
        "acc": 1.0
      },
      "cwe": {
        "dce": -0.87678,
        "dacc": 0.1333,
        "ce": 1.0602152287960052,
        "acc": 0.9666666666666667
      },
      "qa_1": {
        "dce": -0.22297,
        "dacc": 0.0,
        "ce": 1.9254095236460367,
        "acc": 0.9333333333333333
      }
    },
    "trainer": "subset",
    "lr": 2e-05,
    "minutes": 3.4
  },
  "qa_1": {
    "steps": 12,
    "post": {
      "niah_single_1": {
        "dce": -0.10351,
        "dacc": 0.0,
        "ce": 0.14251453454295795,
        "acc": 1.0
      },
      "niah_multikey_1": {
        "dce": -0.06902,
        "dacc": 0.0,
        "ce": 0.09506067236264547,
        "acc": 1.0
      },
      "vt": {
        "dce": -0.01785,
        "dacc": 0.0,
        "ce": 0.3227183848619461,
        "acc": 1.0
      },
      "cwe": {
        "dce": -0.22321,
        "dacc": 0.0667,
        "ce": 1.7137850284576417,
        "acc": 0.9
      },
      "qa_1": {
        "dce": -2.06606,
        "dacc": 0.0333,
        "ce": 0.08232522359661137,
        "acc": 0.9666666666666667
      }
    },
    "trainer": "subset",
    "lr": 2e-05,
    "minutes": 4.5
  }
}