{
  "niah_single_1": {
    "ce": 0.24601976126432418,
    "acc": 1.0
  },
  "niah_multikey_1": {
    "ce": 0.16408306087056795,
    "acc": 1.0
  },
  "vt": {
    "ce": 0.340568496286869,
    "acc": 1.0
  },
  "cwe": {
    "ce": 1.93699555794398,
    "acc": 0.8333333333333334
  },
  "qa_1": {
    "ce": 2.1483805656433104,
    "acc": 0.9333333333333333
  }
}