{
  "gsm8k": {
    "ce": 1.113826855023702,
    "acc": null
  },
  "mbpp_code": {
    "ce": 2.6512595494588216,
    "acc": null
  },
  "qa_1": {
    "ce": 4.486480025450389,
    "acc": null
  },
  "niah_single_1": {
    "ce": 0.00653802680123287,
    "acc": null
  },
  "cwe": {
    "ce": 3.5615063031514484,
    "acc": null
  }
}